id,title,description,content_rating,budget,genres,runtime_minutes,num_votes
tt0111161,The Shawshank Redemption,"A banker convicted of uxoricide forms a friendship over a quarter century with a hardened convict, while maintaining his innocence and trying to remain hopeful through simple compassion.",R,25000000.0,['Drama'],142,3165999
tt0068646,The Godfather,The aging patriarch of an organized crime dynasty transfers control of his clandestine empire to his reluctant son.,R,6000000.0,"['Crime', 'Drama']",175,2211268
tt0468569,The Dark Knight,"When a menace known as the Joker wreaks havoc and chaos on the people of Gotham, Batman, James Gordon and Harvey Dent must work together to put an end to the madness.",PG-13,185000000.0,"['Action', 'Crime', 'Drama']",152,3143484
tt0071562,The Godfather Part II,"The early life and career of Vito Corleone in 1920s New York City is portrayed, while his son, Michael, expands and tightens his grip on the family crime syndicate.",R,13000000.0,"['Crime', 'Drama']",202,1485806
tt0050083,12 Angry Men,The jury in a New York City murder trial is frustrated by a single member whose skeptical caution forces them to more carefully consider the evidence before jumping to a hasty verdict.,Approved,350000.0,"['Crime', 'Drama']",96,976672
tt0167260,The Lord of the Rings: The Return of the King,Gandalf and Aragorn lead the World of Men against Sauron's army to draw his gaze from Frodo and Sam as they approach Mount Doom with the One Ring.,PG-13,94000000.0,"['Adventure', 'Drama', 'Fantasy']",201,2150952
tt0108052,Schindler's List,"In German-occupied Poland during World War II, industrialist Oskar Schindler gradually becomes concerned for his Jewish workforce after witnessing their persecution by the Nazis.",R,22000000.0,"['Biography', 'Drama', 'History']",195,1576793
tt0120737,The Lord of the Rings: The Fellowship of the Ring,A meek Hobbit from the Shire and eight companions set out on a journey to destroy the powerful One Ring and save Middle-earth from the Dark Lord Sauron.,PG-13,93000000.0,"['Adventure', 'Drama', 'Fantasy']",178,2192066
tt0110912,Pulp Fiction,"The lives of two mob hitmen, a boxer, a gangster and his wife, and a pair of diner bandits intertwine in four tales of violence and redemption.",R,8000000.0,"['Crime', 'Drama']",154,2419762
tt0060196,"Il buono, il brutto, il cattivo",A bounty-hunting scam joins two men in an uneasy alliance against a third in a race to find a fortune in gold buried in a remote cemetery.,R,1200000.0,"['Adventure', 'Drama', 'Western']",178,886799
tt0167261,The Lord of the Rings: The Two Towers,"While Frodo and Sam edge closer to Mordor with the help of the shifty Gollum, the divided fellowship makes a stand against Sauron's new ally, Saruman, and his hordes of Isengard.",PG-13,94000000.0,"['Adventure', 'Drama', 'Fantasy']",179,1943864
tt0109830,Forrest Gump,"The history of the United States from the 1950s to the '70s unfolds from the perspective of an Alabama man with an IQ of 75, who yearns to be reunited with his childhood sweetheart.",PG-13,55000000.0,"['Drama', 'Romance']",142,2478605
tt0137523,Fight Club,An insomniac office worker and a devil-may-care soap maker form an underground fight club that evolves into much more.,R,63000000.0,"['Crime', 'Drama', 'Thriller']",139,2583176
tt1375666,Inception,"A thief who steals corporate secrets through the use of dream-sharing technology is given the inverse task of planting an idea into the mind of a CEO, but his tragic past may doom the project and his team to disaster.",PG-13,160000000.0,"['Action', 'Adventure', 'Sci-Fi']",148,2794647
tt0080684,Star Wars: Episode V - The Empire Strikes Back,"After the Empire overpowers the Rebel Alliance, Luke Skywalker begins training with Jedi Master Yoda, while Darth Vader and bounty hunter Boba Fett pursue his friends across the galaxy.",PG,18000000.0,"['Action', 'Adventure', 'Fantasy']",124,1495851
tt0133093,The Matrix,"When a beautiful stranger leads computer hacker Neo to a forbidding underworld, he discovers the shocking truth--the life he knows is the elaborate deception of an evil cyber-intelligence.",R,63000000.0,"['Action', 'Sci-Fi']",136,2232442
tt0099685,GoodFellas,"The story of Henry Hill and his life in the mafia, covering his relationship with his wife Karen and his mob partners Jimmy Conway and Tommy DeVito.",R,25000000.0,"['Biography', 'Crime', 'Drama']",145,1381292
tt0816692,Interstellar,"When Earth becomes uninhabitable in the future, a farmer and ex-NASA pilot, Joseph Cooper, is tasked to pilot a spacecraft, along with a team of researchers, to find a new planet for humans.",PG-13,165000000.0,"['Adventure', 'Drama', 'Sci-Fi']",169,2493455
tt0073486,One Flew Over the Cuckoo's Nest,"A rebellious convict is sent to a psychiatric hospital for evaluation in 1963 Oregon, and encourages his docile companions to take more control of their lives and defy the tyrannical head nurse.",R,3000000.0,['Drama'],133,1151991
tt0114369,Se7en,"Two detectives, a rookie and a veteran, hunt a serial killer who uses the seven deadly sins as his motives.",R,33000000.0,"['Crime', 'Drama', 'Mystery']",127,2004581
tt0038650,It's a Wonderful Life,An angel is sent from Heaven to help a desperately frustrated businessman see the value of his own life.,PG,3180000.0,"['Drama', 'Family', 'Fantasy']",130,552419
tt0102926,The Silence of the Lambs,"A young F.B.I. cadet must receive the help of an incarcerated and manipulative cannibal killer to help catch another serial killer, a madman who skins his victims.",R,19000000.0,"['Crime', 'Drama', 'Horror']",118,1709953
tt0047478,Shichinin no samurai,"Farmers from a village exploited by bandits hire a veteran samurai for protection, and he gathers six other samurai to join him.",Not Rated,125000000.0,"['Action', 'Drama']",207,400008
tt0120815,Saving Private Ryan,"Following the Normandy Landings, a group of U.S. soldiers go behind enemy lines to retrieve a paratrooper whose comrades have been killed in action.",R,70000000.0,"['Drama', 'War']",169,1627702
tt0120689,The Green Mile,A death row guard learns that a gentle giant in his charge possesses a mysterious gift.,R,60000000.0,"['Crime', 'Drama', 'Fantasy']",189,1550549
tt0317248,Cidade de Deus,"In the slums of Rio, two kids' paths diverge as one struggles to become a photographer and the other a kingpin.",R,3300000.0,"['Crime', 'Drama']",130,866214
tt0118799,La vita è bella,"When an open-minded Jewish waiter and his son become victims of the Holocaust, he uses a perfect mixture of will, humor and imagination to protect his son from the dangers around their camp.",PG-13,15000000000.0,"['Comedy', 'Drama', 'Romance']",116,807815
tt0103064,Terminator 2: Judgment Day,"A cyborg from the future, identical to the one who failed to kill Sarah Connor, must now protect her ten-year-old son John from an even more advanced and powerful cyborg.",R,102000000.0,"['Action', 'Adventure', 'Sci-Fi']",137,1276867
tt0076759,Star Wars,"Luke Skywalker joins forces with a Jedi Knight, a cocky pilot, a Wookiee and two droids to save the galaxy from the Empire's world-destroying battle station, while also attempting to rescue Princess Leia from the mysterious Darth Vader.",PG,11000000.0,"['Action', 'Adventure', 'Fantasy']",121,1561033
tt0088763,Back to the Future,"Marty McFly, a 17-year-old high school student, is accidentally sent 30 years into the past in a time-traveling DeLorean invented by his close friend, the maverick scientist Doc Brown.",PG,19000000.0,"['Adventure', 'Comedy', 'Sci-Fi']",116,1441640
tt0245429,Sen to Chihiro no kamikakushi,"During her family's move to the suburbs, a sullen 10-year-old girl wanders into a world ruled by gods, witches and spirits, and where humans are changed into beasts.",PG,2000000000.0,"['Adventure', 'Animation', 'Family']",124,958703
tt0253474,The Pianist,"During WWII, acclaimed Polish musician Wladyslaw faces various struggles as he loses contact with his family. As the situation worsens, he hides in the ruins of Warsaw in order to survive.",R,35000000.0,"['Biography', 'Drama', 'Music']",150,1005767
tt0172495,Gladiator,A former Roman General sets out to exact vengeance against the corrupt emperor who murdered his family and sent him into slavery.,R,103000000.0,"['Action', 'Adventure', 'Drama']",155,1835803
tt6751668,Gisaengchung,Greed and class discrimination threaten the newly formed symbiotic relationship between the wealthy Park family and the destitute Kim clan.,R,11400000.0,"['Drama', 'Thriller']",132,1149385
tt0095327,Hotaru no haka,A young boy and his little sister struggle to survive in Japan during World War II.,Not Rated,3700000.0,"['Animation', 'Drama', 'War']",88,379945
tt0054215,Psycho,A secretary on the run for embezzlement takes refuge at a secluded California motel owned by a repressed man and his overbearing mother.,R,806947.0,"['Drama', 'Horror', 'Mystery']",109,781448
tt0110357,The Lion King,"Lion prince Simba and his father are targeted by his bitter uncle, who wants to ascend the throne himself.",G,45000000.0,"['Adventure', 'Animation', 'Drama']",88,1250550
tt0056058,Seppuku,"When a ronin requesting seppuku at a feudal lord's palace is told of the brutal suicide of another ronin who previously visited, he reveals how their pasts are intertwined - and in doing so challenges the clan's integrity.",Not Rated,,"['Drama', 'Mystery']",133,89868
tt0407887,The Departed,An undercover cop and a mole in the police attempt to identify each other while infiltrating an Irish gang in South Boston.,R,90000000.0,"['Crime', 'Drama', 'Thriller']",151,1544094
tt2582802,Whiplash,A promising young drummer enrolls at a cut-throat music conservatory where his dreams of greatness are mentored by an instructor who will stop at nothing to realize a student's potential.,R,3300000.0,"['Drama', 'Music']",106,1142251
tt0482571,The Prestige,"Two friends and fellow magicians become bitter enemies after a sudden tragedy. As they devote themselves to this rivalry, they make sacrifices that bring them fame but, with terrible consequences.",PG-13,40000000.0,"['Drama', 'Mystery', 'Sci-Fi']",130,1576106
tt0120586,American History X,A white supremacist is released from prison a changed man and hopes to prevent his younger brother from following in his footsteps.,R,20000000.0,"['Crime', 'Drama']",119,1267315
tt6019206,Kill Bill: The Whole Bloody Affair,"A female assassin seeks revenge on her former lover and squad members, all of whom left her for dead.",Not Rated,,"['Action', 'Crime', 'Thriller']",248,29031
tt0110413,Léon,"When her family is murdered by a group of corrupt officers led by the tyrannical Norman Stansfield, a young 12-year-old girl enlists the help of an Italian-American hitman to seek revenge.",R,16000000.0,"['Action', 'Crime', 'Drama']",110,1344058
tt9362722,Spider-Man: Across the Spider-Verse,"Traveling across the multiverse, Miles Morales meets a new team of Spider-People, made up of heroes from different dimensions. But when the heroes clash over how to deal with a new threat, Miles finds himself at a crossroads.",PG,100000000.0,"['Action', 'Adventure', 'Animation']",140,512759
tt0095765,Nuovo Cinema Paradiso,"Salvatore, a famous film director, returns to his hometown for the funeral of the local theater's film projectionist, Alfredo. He reminisces about his life as a young boy falling in love with cinema.",PG,5000000.0,"['Drama', 'Romance']",174,315702
tt0034583,Casablanca,A cynical expatriate American cafe owner struggles to decide whether or not to help his former lover and her fugitive husband escape the Nazis in French Morocco.,PG,950000.0,"['Drama', 'Romance', 'War']",102,652758
tt1675434,Intouchables,"After he becomes a quadriplegic from a paragliding accident, an aristocrat hires a young man from the projects to be his caregiver.",R,9500000.0,"['Comedy', 'Drama']",112,1020000
tt0114814,The Usual Suspects,The sole survivor of a pier shoot-out tells the story of how a notorious criminal influenced the events that began with five criminals meeting in a seemingly random police lineup.,R,6000000.0,"['Crime', 'Drama', 'Mystery']",106,1231967
tt0078748,Alien,"After investigating a mysterious transmission of unknown origin, the crew of a commercial spacecraft encounters a deadly lifeform.",R,11000000.0,"['Horror', 'Sci-Fi']",117,1057556
tt1853728,Django Unchained,"With the help of a German bounty-hunter, a freed slave sets out to rescue his wife from a brutal plantation owner in Mississippi.",R,100000000.0,"['Drama', 'Western']",165,1868962
tt0027977,Modern Times,The Tramp struggles to live in modern industrial society with the help of a young homeless woman.,G,1500000.0,"['Comedy', 'Drama', 'Romance']",87,284179
tt0047396,Rear Window,A bored photographer recovering from a broken leg passes the time by watching his neighbors and begins to suspect one of them of murder.,PG,1000000.0,"['Drama', 'Mystery', 'Thriller']",112,566674
tt0064116,C'era una volta il West,A mysterious stranger with a harmonica teams up with a notorious desperado to protect a beautiful widow and her land from a ruthless assassin in the employ of a railroad tycoon.,PG-13,5000000.0,"['Drama', 'Western']",145,382475
tt0021749,City Lights,"With the aid of a wealthy erratic tippler, a dewy-eyed tramp who has fallen in love with a blind flower girl accumulates money to be able to help her medically.",G,1500000.0,"['Comedy', 'Drama', 'Romance']",87,215622
tt0078788,Apocalypse Now,A U.S. Army officer serving in Vietnam is tasked with assassinating a renegade Special Forces Colonel who sees himself as a god.,R,31500000.0,"['Drama', 'Mystery', 'War']",147,766502
tt0910970,WALL·E,"A robot who is responsible for cleaning a waste-covered Earth meets another robot and falls in love with her. Together, they set out on a journey that will alter the fate of mankind.",G,180000000.0,"['Adventure', 'Animation', 'Family']",98,1311026
tt0209144,Memento,A former insurance investigator who now suffers from anterograde amnesia uses notes and tattoos to hunt down his wife's murderer.,R,9000000.0,"['Drama', 'Mystery', 'Thriller']",113,1427030
tt15239678,Dune: Part Two,"Paul Atreides unites with the Fremen while on a warpath of revenge against the conspirators who destroyed his family. Facing a choice between the love of his life and the fate of the universe, he endeavors to prevent a terrible future.",PG-13,190000000.0,"['Action', 'Adventure', 'Drama']",166,721507
tt0082971,Raiders of the Lost Ark,"In 1936, archaeologist Indiana Jones is tasked by Army Intelligence to help locate a legendary ancient power, the Ark of Covenant, before the Nazis get it first.",PG,18000000.0,"['Action', 'Adventure']",115,1105362
tt4154756,Avengers: Infinity War,The Avengers and their allies must be willing to sacrifice all in an attempt to defeat the powerful Thanos before his blitz of devastation and ruin puts an end to the universe.,PG-13,321000000.0,"['Action', 'Adventure', 'Sci-Fi']",149,1358332
tt0405094,Das Leben der Anderen,"In 1984 East Berlin, an agent of the secret police conducting surveillance on a writer and his lover finds himself becoming increasingly absorbed by their lives.",R,2000000.0,"['Drama', 'Mystery', 'Thriller']",137,441450
tt4633694,Spider-Man: Into the Spider-Verse,Teen Miles Morales becomes the Spider-Man of his universe and must join with five spider-powered individuals from other dimensions to stop a threat for all realities.,PG,90000000.0,"['Action', 'Adventure', 'Animation']",117,779433
tt0043014,Sunset Blvd.,A screenwriter develops a dangerous relationship with a faded film star determined to make a triumphant return.,Approved,1752000.0,"['Drama', 'Film-Noir']",110,259868
tt0051201,Witness for the Prosecution,A veteran British barrister must defend his client in a murder trial that has surprise after surprise.,Approved,3000000.0,"['Crime', 'Drama', 'Mystery']",116,160574
tt0050825,Paths of Glory,A colonel defends three of his soldiers in a court-martial after they abandon a suicidal attack.,Approved,935000.0,"['Drama', 'War']",88,237668
tt0081505,The Shining,"A family heads to an isolated hotel for the winter, where a sinister presence influences the father into violence. At the same time, his psychic son sees horrifying forebodings from both the past and the future.",R,19000000.0,"['Drama', 'Horror']",146,1217673
tt0032553,The Great Dictator,Dictator Adenoid Hynkel tries to expand his empire while a poor Jewish barber tries to avoid persecution from Hynkel's regime.,G,2000000.0,"['Comedy', 'Drama', 'War']",125,258485
tt0361748,Inglourious Basterds,"In Nazi-occupied France during World War II, a plan to assassinate Nazi leaders by a group of Jewish U.S. soldiers coincides with a theatre owner's vengeful plans for the same.",R,70000000.0,"['Adventure', 'Drama', 'War']",153,1767897
tt23849204,12th Fail,The real-life story of IPS Officer Manoj Kumar Sharma and IRS Officer Shraddha Joshi.,,,"['Biography', 'Drama']",147,168649
tt0090605,Aliens,"Decades after surviving the Nostromo incident, Ellen Ripley is sent out to re-establish contact with a terraforming colony but finds herself battling the Alien Queen and her offspring.",R,18500000.0,"['Action', 'Adventure', 'Horror']",137,836695
tt0057565,Tengoku to jigoku,An executive of a Yokohama shoe company becomes a victim of extortion when his chauffeur's son is kidnapped by mistake and held for ransom.,Not Rated,230000000.0,"['Crime', 'Drama', 'Mystery']",143,70642
tt0119217,Good Will Hunting,"A therapist counsels Will Hunting, a janitor with a genius IQ.",R,10000000.0,"['Drama', 'Romance']",126,1205318
tt4154796,Avengers: Endgame,"After the devastating events of Avengers: Infinity War (2018), the universe is in ruins. With the help of remaining allies, the Avengers assemble once more in order to reverse Thanos' actions and restore balance to the universe.",PG-13,356000000.0,"['Action', 'Adventure', 'Sci-Fi']",181,1431000
tt1345836,The Dark Knight Rises,"Bane, an imposing terrorist, attacks Gotham City and disrupts its eight-year-long period of peace. This forces Bruce Wayne to come out of hiding and don the cape and cowl of Batman again.",PG-13,250000000.0,"['Action', 'Crime', 'Drama']",164,1981004
tt2380307,Coco,"Aspiring musician Miguel, confronted with his family's ancestral ban on music, enters the Land of the Dead to find his great-great-grandfather, a legendary singer.",PG,175000000.0,"['Adventure', 'Animation', 'Drama']",105,698622
tt0086879,Amadeus,"The life and work of Wolfgang Amadeus Mozart seen through the eyes of his contemporary and rival, Antonio Salieri.",PG,18000000.0,"['Biography', 'Drama', 'Music']",160,465546
tt0114709,Toy Story,"A cowboy doll is profoundly jealous when a new spaceman action figure supplants him as the top toy in a boy's bedroom. When circumstances separate them from their owner, the duo have to put aside their differences to return to him.",G,30000000.0,"['Adventure', 'Animation', 'Comedy']",81,1165878
tt5311514,Kimi no na wa.,"Two teenagers share a profound, magical connection upon discovering they are swapping bodies. Things manage to become even more complicated when the boy and girl decide to meet in person.",,370000000.0,"['Animation', 'Drama', 'Fantasy']",106,386826
tt0082096,Das Boot,A German U-boat stalks the frigid waters of the North Atlantic as its young crew experience the sheer terror and claustrophobic life of a submariner in World War II.,,32000000.0,"['Drama', 'War']",149,286792
tt0364569,Oldeuboi,"After being kidnapped and imprisoned for fifteen years, Oh Dae-Su is released, only to find that he must track down his captor in five days.",R,3000000.0,"['Action', 'Drama', 'Mystery']",120,712592
tt0112573,Braveheart,Scottish warrior William Wallace leads his countrymen in a rebellion to free his homeland from the tyranny of King Edward I of England.,R,72000000.0,"['Biography', 'Drama', 'War']",178,1156180
tt0119698,Mononoke-hime,"While seeking to cure himself of a curse, young warrior Ashitaka stumbles into a conflict between the people of Iron Town and Princess Mononoke, a girl raised by wolves, who will stop at nothing to prevent the destruction of her home.",PG-13,2400000000.0,"['Adventure', 'Animation', 'Fantasy']",133,480133
tt0057012,Dr. Strangelove or: How I Learned to Stop Worrying and Love the Bomb,"A mentally unstable American general orders a hydrogen bomb attack on the Soviet Union, triggering a path to global nuclear holocaust that a war room full of politicians and generals frantically tries to stop.",PG,1800000.0,"['Comedy', 'War']",95,549501
tt1187043,3 Idiots,"Two friends are searching for their long lost companion. They revisit their college days and recall the memories of their friend who inspired them to think differently, even as the rest of the world called them ""idiots"".",PG-13,550000000.0,"['Comedy', 'Drama']",170,478531
tt0169547,American Beauty,A sexually frustrated suburban father has a mid-life crisis after becoming infatuated with his daughter's best friend.,R,15000000.0,['Drama'],122,1275262
tt8267604,Capharnaüm,"While serving a five-year sentence for a violent crime, a 12-year-old boy sues his parents for neglect.",R,4000000.0,['Drama'],126,123042
tt0045152,Singin' in the Rain,A silent film star falls for a chorus girl just as he and his delusionally jealous screen partner are trying to make the difficult transition to talking pictures in 1920s Hollywood.,G,2540800.0,"['Comedy', 'Musical', 'Romance']",103,281121
tt7286456,Joker,"Arthur Fleck, a party clown and a failed stand-up comedian, leads an impoverished life with his ailing mother. However, when society shuns him and brands him as a freak, he decides to embrace the life of chaos in Gotham City.",R,55000000.0,"['Crime', 'Drama', 'Thriller']",122,1679337
tt0087843,C'era una volta in America,"A former Prohibition-era Jewish gangster returns to the Lower East Side of Manhattan 35 years later, where he must once again confront the ghosts and regrets of his old life.",R,30000000.0,"['Crime', 'Drama']",229,406810
tt0091251,Idi i smotri,"After finding an old rifle, a young boy joins the Soviet resistance movement against ruthless German forces and experiences the horrors of World War II.",Not Rated,,"['Drama', 'Thriller', 'War']",142,121217
tt0086190,Star Wars: Episode VI - Return of the Jedi,"After rescuing Han Solo from Jabba the Hutt, the Rebel Alliance attempts to destroy the second Death Star while Luke struggles to help Darth Vader back from the dark side.",PG,32500000.0,"['Action', 'Adventure', 'Fantasy']",131,1202594
tt0180093,Requiem for a Dream,The drug-induced utopias of four Coney Island people are shattered when their addictions run deep.,NC-17,4500000.0,['Drama'],102,968295
tt0435761,Toy Story 3,"The toys are mistakenly delivered to a day-care center instead of the attic right before Andy leaves for college, and it's up to Woody to convince the other toys that they weren't abandoned and to return home.",G,200000000.0,"['Adventure', 'Animation', 'Comedy']",103,963741
tt0044741,Ikiru,A bureaucrat tries to find meaning in his life after he discovers he has terminal cancer.,Not Rated,,['Drama'],143,101538
tt2106476,Jagten,"A teacher lives a lonely life, all the while struggling over his son's custody. His life slowly gets better as he finds love and receives good news from his son, but his new luck is about to be brutally shattered by an innocent little lie.",R,20000000.0,['Drama'],115,406101
tt1255953,Incendies,Twins journey to the Middle East to discover their family history and fulfill their mother's last wishes.,R,6800000.0,"['Drama', 'Mystery', 'War']",131,247333
tt0338013,Eternal Sunshine of the Spotless Mind,"When their relationship turns sour, a couple undergoes a medical procedure to have each other erased from their memories forever.",R,20000000.0,"['Drama', 'Romance', 'Sci-Fi']",108,1175960
tt0053604,The Apartment,"A Manhattan insurance clerk tries to rise in his company by letting its executives use his apartment for trysts, but office politics and his own romantic hopes complicate matters.",Approved,3000000.0,"['Comedy', 'Drama', 'Romance']",125,217974
tt0056172,Lawrence of Arabia,"The story of T.E. Lawrence, the English officer who successfully united and led the diverse, often warring, Arab tribes during World War I in order to fight the Turks.",Approved,15000000.0,"['Adventure', 'Biography', 'Drama']",227,340100
tt0062622,2001: A Space Odyssey,"When a mysterious artifact is uncovered on the Moon, a spacecraft manned by two humans and one supercomputer is sent to Jupiter to find its origins.",G,12000000.0,"['Adventure', 'Sci-Fi']",149,778469
tt0113277,Heat,A group of high-end professional thieves start to feel the heat from the LAPD when they unknowingly leave a verbal clue at their latest heist.,R,60000000.0,"['Action', 'Crime', 'Drama']",170,796045
tt0105236,Reservoir Dogs,"When a simple jewelry heist goes horribly wrong, the surviving criminals begin to suspect that one of them is a police informant.",R,1200000.0,"['Crime', 'Thriller']",99,1164809
tt0086250,Scarface,"In the 1980s, a determined criminal-minded Cuban immigrant becomes the biggest drug smuggler in Miami, and is eventually undone by his own drug addiction.",R,50000000.0,"['Crime', 'Drama']",170,1008218
tt0036775,Double Indemnity,"An insurance representative is seduced by a dissatisfied housewife into a scheme of insurance fraud and murder that arouses the suspicion of his colleague, a claims investigator.",Approved,927262.0,"['Crime', 'Drama', 'Film-Noir']",107,180423
tt1049413,Up,"78-year-old Carl Fredricksen travels to South America in his house equipped with balloons, inadvertently taking a young stowaway.",PG,175000000.0,"['Adventure', 'Animation', 'Comedy']",96,1227171
tt0053125,North by Northwest,"A New York City advertising executive goes on the run after being mistaken for a government agent by a group of foreign spies, and falls for a woman whose loyalties he begins to doubt.",Approved,3101000.0,"['Adventure', 'Drama', 'Mystery']",136,368457
tt0986264,Taare Zameen Par,A young boy is thought to be nothing but a lazy troublemaker until the new art teacher has the patience and compassion to discover the real problem behind his struggles in school.,PG,,"['Drama', 'Family']",162,230551
tt0093058,Full Metal Jacket,A pragmatic U.S. Marine observes the dehumanizing effects the Vietnam War has on his fellow recruits from their brutal boot camp training to the bloody street fighting in Hue.,R,30000000.0,"['Drama', 'War']",116,846687
tt0022100,M - Eine Stadt sucht einen Mörder,"When the police in a German city are unable to catch a child-murderer, other criminals join in the manhunt.",Passed,,"['Crime', 'Mystery', 'Thriller']",99,182086
tt0033467,Citizen Kane,"Following the death of publishing tycoon Charles Foster Kane, reporters scramble to uncover the meaning of his final utterance: 'Rosebud.'",PG,839727.0,"['Drama', 'Mystery']",119,492032
tt0211915,Le fabuleux destin d'Amélie Poulain,"Despite being caught in her imaginative world, young waitress Amelie decides to help people find happiness. Her quest to spread joy leads her on a journey during which she finds true love.",R,10000000.0,"['Comedy', 'Romance']",122,836479
tt0052357,Vertigo,"A former San Francisco police detective juggles wrestling with his personal demons and becoming obsessed with the hauntingly beautiful woman he has been hired to trail, who may be deeply disturbed.",PG,2479000.0,"['Mystery', 'Romance', 'Thriller']",128,457492
tt1832382,Jodaeiye Nader az Simin,A married couple are faced with a difficult decision - to improve the life of their child by moving to another country or to stay in Iran and look after a deteriorating parent who has Alzheimer's disease.,PG-13,500000.0,['Drama'],123,276581
tt0095016,Die Hard,"A New York City cop, John McClane, tries to save his estranged wife and several others taken hostage by terrorists during a Christmas Eve party at the Nakatomi Plaza Skyscraper in Los Angeles, California.",R,28000000.0,"['Action', 'Thriller']",132,1025065
tt0056592,To Kill a Mockingbird,A widowed lawyer in Depression-era Alabama defends a black man against a false rape charge while teaching his young children about the sad reality of prejudice.,Approved,2000000.0,"['Crime', 'Drama']",129,350507
tt0070735,The Sting,Two grifters team up to pull off the ultimate con.,PG,5500000.0,"['Comedy', 'Crime', 'Drama']",129,299013
tt0097576,Indiana Jones and the Last Crusade,"In 1938, after his father goes missing while pursuing the Holy Grail, Indiana Jones finds himself up against the Nazis again to stop them from obtaining its powers.",PG-13,48000000.0,"['Action', 'Adventure']",127,860056
tt0066921,A Clockwork Orange,Alex DeLarge and his droogs barbarize a decaying near-future.,R,2200000.0,"['Crime', 'Sci-Fi']",136,933023
tt0017136,Metropolis,"In a futuristic city sharply divided between the working class and the city planners, the son of the city's mastermind falls in love with a working-class prophet who predicts the coming of a savior to mediate their differences.",Passed,6000000.0,"['Drama', 'Sci-Fi']",153,200224
tt8579674,1917,"April 6th, 1917. As an infantry battalion assembles to wage war deep in enemy territory, two soldiers are assigned to race against time and deliver a message that will stop 1,600 men from walking straight into a deadly trap.",R,95000000.0,"['Action', 'Drama', 'War']",119,764602
tt0208092,Snatch,"Unscrupulous boxing promoters, violent bookmakers, a Russian gangster, incompetent amateur robbers and supposedly Jewish jewelers fight to track down a priceless stolen diamond.",R,6000000.0,"['Comedy', 'Crime']",102,972280
tt0119488,L.A. Confidential,"As corruption grows in 1950s Los Angeles, three policemen - one strait-laced, one brutal, and one sleazy - investigate a series of murders with their own brand of justice.",R,35000000.0,"['Crime', 'Drama', 'Mystery']",138,656308
tt0363163,Der Untergang,"Traudl Junge, the final secretary for Adolf Hitler, tells of the Nazi dictator's final days in his Berlin bunker at the end of WWII.",R,13500000.0,"['Biography', 'Drama', 'History']",156,398733
tt0993846,The Wolf of Wall Street,"Based on the true story of Jordan Belfort, from his rise to a wealthy stock-broker living the high life to his fall involving crime, corruption and the federal government.",R,100000000.0,"['Biography', 'Comedy', 'Crime']",180,1771025
tt5074352,Dangal,"Mahavir Singh Phogat, a former wrestler, decides to fulfill his dream of winning a gold medal for his country by training his daughters for the Commonwealth Games despite the existing social stigmas.",Not Rated,700000000.0,"['Action', 'Biography', 'Drama']",161,240525
tt0040522,Ladri di biciclette,"In post-war Italy, a working-class man's bicycle is stolen, endangering his efforts to find work. He and his son set out to find it.",Not Rated,133000.0,['Drama'],89,191816
tt0120382,The Truman Show,An insurance salesman begins to suspect that his whole life is actually some sort of reality TV show.,PG,60000000.0,"['Comedy', 'Drama']",103,1359102
tt15398776,Oppenheimer,"A dramatization of the life story of J. Robert Oppenheimer, the physicist who had a large hand in the development of the atomic bombs that brought an end to World War II.",R,100000000.0,"['Biography', 'Drama', 'History']",180,1009978
tt6966692,Green Book,A working-class Italian-American bouncer becomes the driver for an African-American classical pianist on a tour of venues through the 1960s American South.,PG-13,23000000.0,"['Biography', 'Comedy', 'Drama']",130,677168
tt1130884,Shutter Island,Two US marshals are sent to a mental institution on an inhospitable island in order to investigate the disappearance of a patient.,R,80000000.0,"['Drama', 'Mystery', 'Thriller']",138,1630494
tt0055031,Judgment at Nuremberg,"Fictionalized depiction of the 1947 Judges' Trial, the third of 12 trials of Nazi war criminals conducted by the American occupying forces in Nuremberg, Germany, in which former judges of Nazi Germany were tried for their actions.",Approved,3000000.0,"['Drama', 'History', 'War']",179,96385
tt0372784,Batman Begins,"After witnessing his parents' death, billionaire Bruce Wayne learns the art of fighting to confront injustice. When he returns to Gotham as Batman, he must stop a secret society that intends to destroy the city.",PG-13,150000000.0,"['Action', 'Crime', 'Drama']",140,1702722
tt8503618,Hamilton,"The real life of one of America's foremost founding fathers and first Secretary of the Treasury, Alexander Hamilton. Captured live on Broadway from the Richard Rodgers Theater with the original Broadway cast.",PG-13,,"['Biography', 'Drama', 'History']",160,137814
tt0059578,Per qualche dollaro in più,Two bounty killers with similar intentions but different motivations team up to take down a psychotic Mexican outlaw before he and his gang can carry out an audacious bank robbery.,R,600000.0,"['Drama', 'Western']",132,298706
tt0075314,Taxi Driver,"A mentally unstable veteran works as a nighttime taxi driver in New York City, where the perceived decadence and sleaze fuels his urge for violent action.",R,1300000.0,"['Crime', 'Drama']",114,1019365
tt0107290,Jurassic Park,"An industrialist invites some experts to visit his theme park of cloned dinosaurs. After a power failure, the creatures run loose, putting everyone's lives, including his grandchildren's, in danger.",PG-13,63000000.0,"['Action', 'Adventure', 'Sci-Fi']",127,1169076
tt0053291,Some Like It Hot,"After two male musicians witness a mob hit, they flee the state in an all-female band disguised as women, but further complications set in.",Approved,2883848.0,"['Comedy', 'Music', 'Romance']",121,303550
tt0469494,There Will Be Blood,"A story of family, religion, hatred, oil and madness, focusing on a turn-of-the-century prospector in the early days of the business.",R,25000000.0,['Drama'],158,703057
tt0012349,The Kid,"The Tramp cares for an abandoned child, but events put their relationship in jeopardy.",Passed,250000.0,"['Comedy', 'Drama', 'Family']",68,145014
tt10272386,The Father,"A man refuses all assistance from his daughter as he ages. When he tries to understand what is happening around him, he begins to doubt his loved ones, his own mind and even the fabric of his reality.",PG-13,6000000.0,"['Drama', 'Mystery']",97,242051
tt0042192,All About Eve,A seemingly timid but secretly ruthless ingénue insinuates herself into the lives of an aging Broadway star and her circle of theater friends.,Approved,1400000.0,['Drama'],138,148563
tt0167404,The Sixth Sense,"After being shot by a resentful former patient whom he failed to help, a Philadelphia child psychologist seeks redemption by treating a young boy with a disturbing secret.",PG-13,40000000.0,"['Drama', 'Mystery', 'Thriller']",107,1137591
tt0089881,Ran,"In Medieval Japan, an elderly warlord retires, handing over his empire to his three sons. However, he vastly underestimates how the new-found power will corrupt them and cause them to turn on each other...and him.",R,11500000.0,"['Action', 'Drama', 'War']",160,150878
tt0112641,Casino,"In Las Vegas, two best friends--a casino executive and a Mafia enforcer--compete for a gambling empire and a fast-living, fast-loving socialite.",R,52000000.0,"['Crime', 'Drama']",178,614980
tt0477348,No Country for Old Men,Violence and mayhem ensue after a hunter stumbles upon the aftermath of a drug deal gone wrong and over two million dollars in cash near the Rio Grande.,R,25000000.0,"['Crime', 'Drama', 'Thriller']",122,1178908
tt0084787,The Thing,A research team in Antarctica is hunted by a shape-shifting alien that assumes the appearance of its victims.,R,15000000.0,"['Horror', 'Mystery', 'Sci-Fi']",109,522452
tt1745960,Top Gun: Maverick,"The story involves Maverick confronting his past while training a group of younger Top Gun graduates, including the son of his deceased best friend, for a dangerous mission.",PG-13,170000000.0,"['Action', 'Drama']",130,848757
tt1392214,Prisoners,A desperate father takes the law into his own hands after police fail to find two kidnapped girls.,R,46000000.0,"['Crime', 'Drama', 'Mystery']",153,924652
tt0266697,Kill Bill: Vol. 1,"After waking from a four-year coma, a former assassin wreaks vengeance on the team of assassins who betrayed her.",R,30000000.0,"['Action', 'Crime', 'Thriller']",111,1298191
tt0457430,El laberinto del fauno,"In 1944 Spain, a girl is sent to live with her ruthless stepfather. During the night, she meets a fairy who takes her to an old faun. He tells her she's a princess, but must prove her royalty by surviving three gruesome tasks.",R,19000000.0,"['Drama', 'Fantasy', 'War']",118,743985
tt0105695,Unforgiven,"Retired Old West gunslinger Will Munny reluctantly takes on one last job to avenge an injustice with the help of his old partner and a young would-be gunman calling himself ""The Schofield Kid"".",R,14400000.0,"['Drama', 'Western']",130,466517
tt0268978,A Beautiful Mind,"A mathematical genius, John Nash made an astonishing discovery early in his career and stood on the brink of international acclaim. But the handsome and arrogant Nash soon found himself on a harrowing journey of self-discovery.",PG-13,58000000.0,"['Biography', 'Drama', 'Mystery']",135,1048916
tt0040897,The Treasure of the Sierra Madre,Two down-on-their-luck Americans searching for work in 1920s Mexico convince an old prospector to help them mine for gold in the Sierra Madre Mountains.,Approved,3000000.0,"['Adventure', 'Drama', 'Western']",126,140871
tt0347149,Hauru no ugoku shiro,"When an unconfident young woman is cursed with an old body by a spiteful witch, her only chance of breaking the spell lies with a self-indulgent yet insecure young wizard and his companions in his legged, walking castle.",PG,24000000.0,"['Adventure', 'Animation', 'Family']",119,507691
tt0266543,Finding Nemo,"After his son is captured in the Great Barrier Reef and taken to Sydney, a timid clownfish sets out on a journey to bring him home.",G,94000000.0,"['Adventure', 'Animation', 'Comedy']",100,1200190
tt4729430,Klaus,"A simple act of kindness always sparks another, even in a frozen, faraway place. When Smeerensburg's new postman, Jesper, befriends toymaker Klaus, their gifts melt an age-old feud and deliver a sleigh full of holiday traditions.",PG,40000000.0,"['Adventure', 'Animation', 'Comedy']",96,234277
tt0055630,Yôjinbô,A crafty ronin comes to a town divided by two criminal gangs and decides to play them against each other to free the town.,Not Rated,,"['Action', 'Drama', 'Thriller']",110,142358
tt0057115,The Great Escape,Allied officers in a German prisoner of war camp during World War II make a daring plan for a mass escape by hundreds of POWs hoping to draw German personnel and resources away from combat operations.,Approved,4000000.0,"['Adventure', 'Drama', 'Thriller']",172,276296
tt0080678,The Elephant Man,"A Victorian surgeon rescues a heavily-disfigured and mistreated young man working as a sideshow freak, who gradually reveals his capacity for kindness, intelligence and sophistication.",PG,5000000.0,"['Biography', 'Drama']",124,281054
tt0071853,Monty Python and the Holy Grail,"King Arthur and his Knights of the Round Table embark on a surreal, low-budget search for the Holy Grail, encountering many, very silly obstacles.",PG,229575.0,"['Adventure', 'Comedy', 'Fantasy']",91,601217
tt0046912,Dial M for Murder,"A London playboy plots the perfect murder of his rich, unfaithful wife.",PG,1400000.0,"['Crime', 'Drama', 'Mystery']",105,203805
tt0346336,La meglio gioventù,An Italian epic that follows the lives of two brothers from the 1960s to the 2000s.,R,,"['Drama', 'Romance']",374,27768
tt1305806,El secreto de sus ojos,A retired legal counselor writes a novel hoping to find closure for one of his past unresolved homicide cases and for his unreciprocated love with his superior--both of which still haunt him decades later.,R,2000000.0,"['Drama', 'Mystery', 'Romance']",129,240854
tt0031381,Gone with the Wind,A sheltered and manipulative Southern belle and a roguish profiteer face off in a turbulent romance as the society around them crumbles with the end of slavery and is rebuilt during the Civil War and Reconstruction periods.,G,3977000.0,"['Drama', 'Romance', 'War']",238,355066
tt32820897,Gekijô-ban Kimetsu no Yaiba Mugen Jô-hen,"The Demon Slayer Corps are drawn into the Infinity Castle, where Tanjiro and the Hashira face terrifying Upper Rank demons in a desperate fight as the final battle against Muzan Kibutsuji begins.",R,20000000.0,"['Action', 'Adventure', 'Animation']",155,65828
tt0071315,Chinatown,"A private detective hired to expose an adulterer in 1930s Los Angeles finds himself caught up in a web of deceit, corruption, and murder.",R,6000000.0,"['Drama', 'Mystery', 'Thriller']",130,375345
tt0120735,"Lock, Stock and Two Smoking Barrels","When four small-time criminals lose a rigged poker game against a London kingpin, he gives them one week to settle their enormous debt.",R,960000.0,"['Comedy', 'Crime']",107,648015
tt0434409,V for Vendetta,"In a future British dystopian society, a shadowy freedom fighter, known only by the alias of ""V"", plots to overthrow the tyrannical government - with the help of a young woman.",R,54000000.0,"['Action', 'Drama', 'Sci-Fi']",132,1241449
tt0264464,Catch Me If You Can,"Barely 17 yet, Frank is a skilled forger who has passed as a doctor, lawyer and pilot. FBI agent Carl becomes obsessed with tracking down the con man, who only revels in the pursuit.",PG-13,52000000.0,"['Biography', 'Crime', 'Drama']",141,1224708
tt2096673,Inside Out,"After young Riley is uprooted from her Midwest life and moved to San Francisco, her emotions, Joy, Fear, Anger, Disgust, and Sadness, conflict on how best to navigate a new city, house, and school.",PG,175000000.0,"['Adventure', 'Animation', 'Comedy']",95,906936
tt0042876,Rashômon,Three parties and a witness have four versions of a rape/murder in ninth-century Japan.,Not Rated,250000.0,"['Crime', 'Drama', 'Mystery']",88,195536
tt5027774,"Three Billboards Outside Ebbing, Missouri",A mother personally challenges the local authorities to solve her daughter's murder when they fail to catch the culprit.,R,15000000.0,"['Comedy', 'Crime', 'Drama']",115,603056
tt0117951,Trainspotting,"Renton, deeply immersed in the Edinburgh drug scene, tries to clean up and get out despite the allure of drugs and the influence of friends.",R,1500000.0,"['Crime', 'Drama']",93,766153
tt0050212,The Bridge on the River Kwai,"British POWs are forced to build a railway bridge across the river Kwai for their Japanese captors in occupied Burma, not knowing that the allied forces are planning a daring commando raid through the jungle to destroy it.",PG,3000000.0,"['Adventure', 'Drama', 'War']",161,247786
tt1201607,Harry Potter and the Deathly Hallows: Part 2,"Harry, Ron and Hermione set out on a quest to eliminate the remaining horcruxes. On the other hand, the students and teachers must unite to defend Hogwarts against Lord Voldemort and his army.",PG-13,125000000.0,"['Adventure', 'Family', 'Fantasy']",130,1038318
tt0097165,Dead Poets Society,"Maverick teacher John Keating returns in 1959 to the prestigious New England boys' boarding school where he was once a star student, using poetry to embolden his pupils to new heights of self-expression.",PG,16400000.0,"['Comedy', 'Drama']",128,644466
tt0252488,Hababam Sinifi: Sinifta Kaldi,"A group of students have failed their exams and must return for another year. Distracting them all is a new young female teacher, who they try out their usual tricks on.",,,['Comedy'],95,30073
tt29623480,The Wild Robot,"After a shipwreck, an intelligent robot called Roz is stranded on an uninhabited island. To survive the harsh environment, Roz bonds with the island's animals and cares for an orphaned baby goose.",PG,78000000.0,"['Adventure', 'Animation', 'Family']",102,216779
tt1291584,Warrior,"The youngest son of an alcoholic former boxer returns home, where he's trained by his father for competition in a mixed martial arts tournament - a path that puts the fighter on a collision course with his estranged, older brother.",PG-13,25000000.0,"['Action', 'Drama', 'Sport']",140,526596
tt0116282,Fargo,Minnesota car salesman Jerry Lundegaard's inept crime falls apart due to his and his henchmen's bungling and the persistent police work of the quite pregnant Marge Gunderson.,R,7000000.0,"['Crime', 'Drama', 'Thriller']",98,782639
tt0072684,Barry Lyndon,An Irish rogue wins the heart of a rich widow and assumes her dead husband's aristocratic position in 18th-century England.,PG,11000000.0,"['Adventure', 'Drama', 'War']",185,202868
tt0081398,Raging Bull,"The life of boxer Jake LaMotta, whose violence and temper that led him to the top in the ring destroyed his life outside of it.",R,18000000.0,"['Biography', 'Drama', 'Sport']",129,408375
tt0052618,Ben-Hur,"A Jewish prince is betrayed and sent into slavery by a Roman friend in 1st-century Jerusalem, but it's not long before he regains his freedom and comes back for revenge.",G,15000000.0,"['Adventure', 'Drama']",212,270257
tt0405159,Million Dollar Baby,"Frankie, an ill-tempered old coach, reluctantly agrees to train aspiring boxer Maggie. Impressed with her determination and talent, he helps her become the best and the two soon form a close bond.",PG-13,30000000.0,"['Drama', 'Sport']",132,762907
tt1392190,Mad Max: Fury Road,"In a post-apocalyptic wasteland, a woman rebels against a tyrannical ruler in search for her homeland with the aid of a group of female prisoners, a psychotic worshipper and a drifter named Max.",R,150000000.0,"['Action', 'Adventure', 'Sci-Fi']",120,1200205
tt0118849,Bacheha-ye aseman,"After a boy loses his sister's pair of shoes, he goes on a series of adventures in order to find them. When he can't, he tries a new way to ""win"" a new pair.",PG,180000.0,"['Drama', 'Family', 'Sport']",89,89355
tt2119532,Hacksaw Ridge,"World War II American Army Medic Desmond T. Doss, serving during the Battle of Okinawa, refuses to kill people and becomes the first man in American history to receive the Medal of Honor without firing a shot.",R,40000000.0,"['Biography', 'Drama', 'History']",139,674004
tt0096283,Tonari no Totoro,"When two girls move to the country to be near their ailing mother, they have adventures with the wondrous forest spirits who live nearby.",G,3700000.0,"['Adventure', 'Animation', 'Comedy']",86,427659
tt1205489,Gran Torino,"After a Hmong teenager tries to steal his prized 1972 Gran Torino, a disgruntled, prejudiced Korean War veteran seeks to redeem both the boy and himself.",R,33000000.0,['Drama'],116,858364
tt2024544,12 Years a Slave,"In the antebellum United States, Solomon Northup, a free black man from upstate New York, is abducted and sold into slavery.",R,20000000.0,"['Biography', 'Drama', 'History']",134,783192
tt0382932,Ratatouille,A rat who can cook makes an unusual alliance with a young kitchen worker at a famous Paris restaurant.,G,150000000.0,"['Adventure', 'Animation', 'Comedy']",111,934242
tt2278388,The Grand Budapest Hotel,"A writer encounters the owner of an aging high-class hotel, who tells him of his early years serving as a lobby boy in the hotel's glorious years under an exceptional concierge.",R,25000000.0,"['Comedy', 'Drama']",99,962826
tt0112471,Before Sunrise,"A young man and woman meet on a train in Europe, and wind up spending one evening together in Vienna. Unfortunately, both know that this will probably be their only night together.",R,2500000.0,"['Comedy', 'Drama', 'Romance']",101,374305
tt0353969,Salinui chueok,"In a small Korean province in 1986, two detectives struggle with the case of multiple young women being found raped and murdered by an unknown culprit.",Not Rated,2800000.0,"['Crime', 'Drama', 'Mystery']",131,262778
tt0083658,Blade Runner,A blade runner must pursue and terminate four replicants who stole a ship in space and have returned to Earth to find their creator.,R,28000000.0,"['Action', 'Drama', 'Sci-Fi']",117,877502
tt0892769,How to Train Your Dragon,"A hapless young Viking who aspires to hunt dragons becomes the unlikely friend of a young dragon himself, and learns there may be more to the creatures than he assumed.",PG,165000000.0,"['Action', 'Adventure', 'Animation']",98,886911
tt10872600,Spider-Man: No Way Home,"With Spider-Man's identity now revealed, Peter asks Doctor Strange for help. When a spell goes wrong, dangerous foes from other worlds start to appear.",PG-13,200000000.0,"['Action', 'Adventure', 'Fantasy']",148,1007094
tt2267998,Gone Girl,The husband of a missing woman becomes the main suspect in her disappearance.,R,61000000.0,"['Drama', 'Mystery', 'Thriller']",149,1160995
tt0198781,"Monsters, Inc.","In order to power the city, monsters have to scare children so that they scream. However, the children are toxic to the monsters, and after a child gets through, two monsters realize things may not be what they think.",G,115000000.0,"['Adventure', 'Animation', 'Comedy']",92,1067475
tt0073195,Jaws,"When a massive killer shark unleashes chaos on a beach community off Long Island, it's up to the local police chief, a marine biologist, and an old seafarer to hunt the beast down.",PG,7000000.0,"['Adventure', 'Horror', 'Thriller']",124,732489
tt0107207,In the Name of the Father,"An Irish man's coerced confession to an I.R.A. bombing he did not commit results in the imprisonment of his father as well. Meanwhile, a British lawyer fights to clear their names and free them.",R,13000000.0,"['Biography', 'Crime', 'Drama']",133,201842
tt1950186,Ford v Ferrari,American car designer Carroll Shelby and driver Ken Miles battle corporate interference and the laws of physics to build a revolutionary race car for Ford in order to defeat Ferrari at the 24 Hours of Le Mans in 1966.,PG-13,97600000.0,"['Action', 'Biography', 'Drama']",152,564377
tt3011894,Relatos salvajes,Six short stories that explore the extremities of human behavior involving people in distress.,R,3300000.0,"['Comedy', 'Drama', 'Thriller']",122,236785
tt0015864,The Gold Rush,"A prospector goes to the Klondike during the 1890s gold rush in hopes of making his fortune, and is smitten with a girl he sees in a dance hall.",Approved,923000.0,"['Adventure', 'Comedy', 'Drama']",95,127658
tt0015324,Sherlock Jr.,"A film projectionist longs to be a detective, and puts his meagre skills to work when he is framed by a rival for stealing his girlfriend's father's pocketwatch.",Passed,,"['Action', 'Comedy', 'Romance']",45,65220
tt0978762,Mary and Max.,"In 1976 Melbourne, a lonely 8-year-old girl strikes up a correspondence with an unlikely pen pal: a severely obese 44-year-old New Yorker with Asperger's syndrome.",Not Rated,8240000.0,"['Animation', 'Comedy', 'Drama']",92,200958
tt0077416,The Deer Hunter,The lives of a group of friends are forever changed by the Vietnam War.,R,15000000.0,"['Drama', 'War']",183,385275
tt0046268,Le salaire de la peur,"In a decrepit South American village, four men are hired to transport an urgent nitroglycerine shipment without the equipment that would make it safe.",Not Rated,,"['Adventure', 'Drama', 'Thriller']",156,73123
tt0017925,The General,"After being rejected by the Confederate military, not realizing it was due to his crucial civilian role, an engineer must single-handedly recapture his beloved locomotive after it is seized by Union spies and return it through enemy lines.",Passed,750000.0,"['Action', 'Adventure', 'Comedy']",78,105765
tt3315342,Logan,"In a future where mutants are nearly extinct, an elderly and weary Logan leads a quiet life. But when Laura, a mutant child pursued by scientists, comes to him for help, he must get her to safety.",R,97000000.0,"['Action', 'Drama', 'Sci-Fi']",137,920055
tt0075148,Rocky,A small-time Philadelphia boxer gets a supremely rare chance to fight the world heavyweight champion in a bout in which he strives to go the distance for his self-respect.,PG,960000.0,"['Drama', 'Sport']",120,684280
tt0031679,Mr. Smith Goes to Washington,"A naive youth leader is appointed to fill a vacancy in the U.S. Senate. His idealistic plans promptly collide with corruption at home and subterfuge from his hero in Washington, but he tries to forge ahead despite attacks on his character.",Approved,1900000.0,"['Comedy', 'Drama']",129,129016
tt0046438,Tôkyô monogatari,"An old couple visit their children and grandchildren in the city, but receive little attention.",Not Rated,,['Drama'],137,77153
tt0047296,On the Waterfront,"An ex-prize fighter turned New Jersey longshoreman struggles to stand up to his corrupt union bosses, including his older brother, as he starts to connect with the grieving sister of one of the syndicate's victims.",Approved,910000.0,"['Crime', 'Drama', 'Thriller']",108,177062
tt0325980,Pirates of the Caribbean: The Curse of the Black Pearl,"Blacksmith Will Turner teams up with eccentric pirate ""Captain"" Jack Sparrow to save Elizabeth Swann, the governor's daughter and his love, from Jack's former pirate allies, who are now undead.",PG-13,140000000.0,"['Action', 'Adventure', 'Fantasy']",143,1315543
tt0050986,Smultronstället,"After living a life marked by coldness, an aging professor is forced to confront the emptiness of his existence.",Not Rated,,"['Drama', 'Romance']",92,123990
tt1895587,Spotlight,"The true story of how the Boston Globe uncovered the massive scandal of child molestation and cover-up within the local Catholic Archdiocese, shaking the entire Catholic Church to its core.",R,20000000.0,"['Biography', 'Crime', 'Drama']",129,532655
tt0113247,La haine,24 hours in the lives of three young men in the French suburbs the day after a violent riot.,Not Rated,2590000.0,"['Crime', 'Drama']",98,223966
tt5323662,Koe no katachi,"A deaf girl, Shoko, is bullied by the popular Shoya. As Shoya continues to bully Shoko, the class turns its back on him. Shoko transfers and Shoya grows up as an outcast. Alone and depressed, the regretful Shoya finds Shoko to make amends.",Not Rated,,"['Animation', 'Drama']",130,138230
tt0088247,The Terminator,A cyborg assassin from the future attempts to find and kill a young woman who is destined to give birth to a warrior that will lead a resistance to save humankind from extinction.,R,6400000.0,"['Action', 'Adventure', 'Sci-Fi']",107,998179
tt15097216,Jai Bhim,"When a tribal man is arrested for a case of alleged theft, his wife turns to a human-rights lawyer to help bring justice.",Approved,,"['Crime', 'Drama']",164,233342
tt26548265,Maharaja,"A barber seeks vengeance after his home is burglarized, cryptically telling police his ""lakshmi"" has been taken, leaving them uncertain if it's a person or object. His quest to recover the elusive ""lakshmi"" unfolds.",,200000000.0,"['Action', 'Crime', 'Drama']",141,80263
tt0041959,The Third Man,"Pulp novelist Holly Martins travels to shadowy, mystifying post-war Vienna only to find himself investigating the mysterious sudden death of old friend Harry Lime.",Approved,,"['Drama', 'Film-Noir', 'Mystery']",104,194560
tt0059742,The Sound of Music,A young novice is sent by her convent in 1930s Austria to become a governess to the seven children of a widowed naval officer.,G,8200000.0,"['Biography', 'Drama', 'Family']",174,289683
tt0118715,The Big Lebowski,"Jeff ""The Dude"" Lebowski, mistaken for a millionaire of the same name, seeks restitution for his ruined rug and enlists his bowling buddies to help get it.",R,15000000.0,"['Comedy', 'Crime']",117,913155
tt0036868,The Best Years of Our Lives,Three traumatized or physically disabled World War II veterans return home to the American Midwest to discover that they and their families have been irreparably changed making readjustment difficult.,Approved,2100000.0,"['Drama', 'Romance', 'War']",170,77108
tt0050976,Det sjunde inseglet,"A knight returning to Sweden after the Crusades seeks answers about life, death, and the existence of God as he plays chess against the Grim Reaper during the Black Plague.",Not Rated,150000.0,"['Drama', 'Fantasy']",96,215066
tt3170832,Room,"A little boy is held captive in a room with his mother since his birth, so he has never known the world outside.",R,13000000.0,"['Drama', 'Thriller']",118,478345
tt0381681,Before Sunset,"Nine years after Jesse and Celine first met, they encounter each other again on the French leg of Jesse's book tour.",R,2700000.0,"['Drama', 'Romance']",80,312936
tt0395169,Hotel Rwanda,"Paul Rusesabagina, a hotel manager, houses over a thousand Tutsi refugees during their struggle against the Hutu militia in Rwanda, Africa.",PG-13,17500000.0,"['Biography', 'Drama', 'History']",121,390768
tt0317705,The Incredibles,"While trying to lead a quiet suburban life, a family of undercover superheroes are forced into action to save the world.",PG,92000000.0,"['Action', 'Adventure', 'Animation']",115,893621
tt0091763,Platoon,"Chris Taylor, a neophyte recruit in Vietnam, finds himself caught in a battle of wills between two sergeants, one good and the other evil. A shrewd examination of the brutality of war and the duality of man in conflict.",R,6000000.0,"['Drama', 'War']",120,470561
tt30472557,Gekijô-ban Chensô Man Reze-hen,"A direct sequel to the first season of the series ""Chainsaw Man"", featuring Denji, a young man who co-exists with a chainsaw demon. Denji encounters a new romantic interest, but will his involvement place them both in danger?",R,,"['Action', 'Adventure', 'Animation']",100,48523
tt1028532,Hachi: A Dog's Tale,"Professor Wilson discovers a lost Akita puppy on his way home. Despite objections from his wife, Hachi endears himself to the family and grows to be Parker's loyal companion. As their bond grows deeper, a beautiful relationship unfolds.",G,16000000.0,"['Biography', 'Drama', 'Family']",93,340656
tt0070047,The Exorcist,"When a mysterious entity possesses a young girl, her mother seeks the help of two Catholic priests to save her life.",R,11000000.0,['Horror'],122,495959
tt1979320,Rush,"James Hunt and Niki Lauda, two extremely skilled Formula One racers, have an intense rivalry with each other. However, it is their enmity that pushes them to their limits.",R,38000000.0,"['Biography', 'Drama', 'Sport']",123,555730
tt0032138,The Wizard of Oz,"Young Dorothy Gale and her dog Toto are swept away by a tornado from their Kansas farm to the magical Land of Oz and embark on a quest with three new friends to see the Wizard, who can return her to her home and fulfill the others' wishes.",G,2777000.0,"['Adventure', 'Family', 'Fantasy']",102,465377
tt0129167,The Iron Giant,A young boy befriends a giant robot from outer space that a paranoid government agent wants to destroy.,PG,70000000.0,"['Action', 'Adventure', 'Animation']",86,257988
tt0092005,Stand by Me,A writer recounts a childhood journey with his friends to find the body of a missing boy.,R,8000000.0,"['Adventure', 'Comedy', 'Drama']",89,484021
tt0019254,La passion de Jeanne d'Arc,"In 1431, Jeanne d'Arc is placed on trial on charges of heresy, and the ecclesiastical jurists attempt to force her to recant her claims of holy visions.",Passed,,"['Biography', 'Drama', 'History']",114,67767
tt0476735,Babam ve Oglum,The family of a left-wing journalist is torn apart after the military coup of Turkey in 1980.,Not Rated,,"['Drama', 'Family']",112,100283
tt0058946,La battaglia di Algeri,"In the 1950s, fear and violence escalate as the people of Algiers fight for independence from the French government.",Not Rated,800000.0,"['Drama', 'War']",121,75074
tt4016934,Ah-ga-ssi,"In 1930s Korea, a girl is hired as a handmaiden to a Japanese heiress who lives a secluded life on a countryside estate. But the maid has a secret: She is a pickpocket recruited by a swindler to help seduce the Lady and steal her fortune.",Not Rated,10000000000.0,"['Drama', 'Romance', 'Thriller']",145,200897
tt0074958,Network,"A television network cynically exploits a deranged former anchor's ravings and revelations about mass media for its own profit, but finds that his message may be difficult to control.",R,3800000.0,['Drama'],121,185270
tt4430212,Drishyam,"Desperate measures are taken by a man who tries to save his family from the dark side of the law, after they commit an unexpected crime.",Not Rated,9400000.0,"['Crime', 'Drama', 'Mystery']",163,107762
tt0035446,To Be or Not to Be,"During the German occupation of Poland, an acting troupe becomes embroiled in a Polish soldier's efforts to track down a German spy.",Approved,,"['Comedy', 'Romance', 'War']",99,49546
tt0032551,The Grapes of Wrath,"An Oklahoma family, driven off their farm by the poverty and hopelessness of the Dust Bowl, joins the westward migration to California, suffering the misfortunes of the homeless in the Great Depression.",Approved,800000.0,['Drama'],129,107995
tt1954470,Gangs of Wasseypur,"A clash between Sultan and Shahid Khan leads to the expulsion of Khan from Wasseypur, and ignites a deadly blood feud spanning three generations.",Not Rated,184000000.0,"['Action', 'Comedy', 'Crime']",321,113437
tt21626284,Laapataa Ladies,"The misadventures of two young brides who get lost from the same train. From mistaken identities to laugh-out-aloud escapades, the ensuing chaos guarantees laughter galore and heartwarming moments.",TV-14,,"['Comedy', 'Drama']",122,58862
